"name","city","email","Birth","Age"
Joona,Jokioinen,joona.koskinen@example.com,"1985-06-10 00:39:41",38
Iman,Herre,iman.lea@example.com,"1945-09-03 02:05:49",77
Hugh,Norwich,hugh.grant@example.com,"1966-04-08 10:19:45",57
Bastian,Kleppe,bastian.stalesen@example.com,"1982-05-06 14:04:32",41
Kelly,St Davids,kelly.gonzales@example.com,"1973-01-05 03:59:08",50
Cecil,Anna,cecil.austin@example.com,"1983-04-04 18:12:08",40
Javier,Dundee,javier.johnston@example.com,"1989-02-03 15:14:03",34
Grace,Athenry,grace.lee@example.com,"1965-05-03 17:03:50",58
Ella,Minto,ella.anderson@example.com,"1945-04-22 16:07:40",78
Rosalva,São Vicente,rosalva.mendes@example.com,"1952-09-14 12:38:51",70
Elsa,Øvre Årdal,elsa.ostervold@example.com,"1976-07-18 14:51:11",46
Diana,Irving,diana.davis@example.com,"1945-09-10 09:04:17",77
Rajko,Kladovo,rajko.rukavina@example.com,"1945-11-23 16:26:19",77
Christian,Las Palmas de Gran Canaria,christian.jimenez@example.com,"1979-04-15 12:37:32",44
William,Vitry-sur-Seine,william.lemaire@example.com,"1962-02-21 20:56:20",61
Mario,Chilpancingo,mario.salinas@example.com,"2000-05-15 23:33:02",23
Philip,Bath,philip.chan@example.com,"1968-04-22 23:10:00",55
Milorad,Lučani,milorad.serbedzija@example.com,"1985-02-06 08:43:39",38
Georgina,Paulo Afonso,georgina.damata@example.com,"1951-03-04 09:14:42",72
Taara,Jamshedpur,taara.babu@example.com,"1962-03-13 04:54:02",61
Yugina,Beregove,yugina.komashko@example.com,"1961-01-10 03:39:25",62
Eva,San Pedro del Gallo,eva.toro@example.com,"1992-11-08 11:31:18",30
Sofia,Gladstone,sofia.ortiz@example.com,"1973-03-11 15:37:39",50
Bella,Palmerston North,bella.lee@example.com,"1977-09-05 19:12:25",45
Neeti,Howrah,neeti.dawangave@example.com,"1992-05-01 15:54:25",31
Karina,Jaltomate,karina.riojas@example.com,"1969-09-28 03:23:21",53
محمدمهدی,کاشان,mhmdmhdy.jaafry@example.com,"1976-10-04 23:00:31",46
Nadja,Užice,nadja.ignjatovic@example.com,"1945-02-24 13:03:34",78
